{"initial_reset_timestamp": 1608584318.300756, "timestamps": [1608584319.2422638, 1608584319.618925, 1608584319.9784286, 1608584320.393947, 1608584320.7057474, 1608584321.0117133, 1608584321.2567184, 1608584321.672262, 1608584322.0260391, 1608584322.54193, 1608584326.5162086, 1608584326.8106565, 1608584327.1649387, 1608584327.453924, 1608584327.8057392, 1608584328.1581, 1608584328.508629, 1608584328.9139965, 1608584329.3087842, 1608584329.6015646, 1608584333.746145, 1608584334.035614, 1608584334.566447, 1608584335.145136, 1608584335.4681714, 1608584335.8343673, 1608584336.2868989, 1608584336.794556, 1608584337.3809657, 1608584337.8953156, 1608584341.8186822, 1608584342.177265, 1608584342.5213335, 1608584342.8516772, 1608584343.1630924], "episode_lengths": [242, 242, 240, 279, 200, 205, 160, 279, 236, 280, 247, 207, 249, 201, 249, 250, 246, 286, 274, 200, 284, 203, 283, 289, 167, 240, 201, 199, 237, 281, 236, 240, 238, 203, 201], "episode_rewards": [2.0, 2.0, 2.0, 3.0, 1.0, 1.0, 0.0, 3.0, 2.0, 3.0, 2.0, 1.0, 2.0, 1.0, 2.0, 2.0, 2.0, 3.0, 3.0, 1.0, 3.0, 1.0, 3.0, 3.0, 0.0, 2.0, 1.0, 1.0, 2.0, 3.0, 2.0, 2.0, 2.0, 1.0, 1.0], "episode_types": ["t", "t", "t", "t", "t", "t", "t", "t", "t", "t", "t", "t", "t", "t", "t", "t", "t", "t", "t", "t", "t", "t", "t", "t", "t", "t", "t", "t", "t", "t", "t", "t", "t", "t", "t", "t"]}